car_park_no,address,x_coord,y_coord,car_park_type,type_of_parking_system,short_term_parking,free_parking,night_parking,car_park_decks,gantry_height,car_park_basement,lat,lon
AR5M,BLK 19A DOVER CRESCENT,22562.8641,32184.9758,MULTI-STOREY CAR PARK,ELECTRONIC PARKING,WHOLE DAY,SUN & PH FR 7AM-10.30PM,YES,12,2.15,N,1.3073435265931928,103.78446333008448
AR7M,BLK 12A DOVER CLOSE EAST,22643.9533,31900.5591,MULTI-STOREY CAR PARK,ELECTRONIC PARKING,WHOLE DAY,SUN & PH FR 7AM-10.30PM,YES,7,2.15,N,1.3047713772680511,103.78519200383911
AV1,BLK 120/120A/121-127 ALEXANDRA VILLAGE,24649.752,29778.7266,SURFACE CAR PARK,ELECTRONIC PARKING,WHOLE DAY,NO,YES,0,4.5,N,1.285582554992309,103.8032152641592
BMVM,BLK 126A BUKIT MERAH VIEW,26866.0055,29672.9702,MULTI-STOREY CAR PARK,ELECTRONIC PARKING,WHOLE DAY,SUN & PH FR 7AM-10.30PM,YES,11,1.9,N,1.2846262894692293,103.82312918959778
BM1,BLK 28 JALAN BUKIT MERAH,25357.1463,29858.3486,SURFACE CAR PARK,ELECTRONIC PARKING,WHOLE DAY,NO,YES,0,0.0,N,1.286302695840327,103.8095714771455
BM10,BLK 56/57 LENGKOK BAHRU,25857.7754,30056.6386,SURFACE CAR PARK,ELECTRONIC PARKING,WHOLE DAY,SUN & PH FR 7AM-10.30PM,YES,0,4.5,N,1.2880959990479637,103.81406981706996
BM13,BLK 44/47 LENGKOK BAHRU,25648.7676,29924.1943,SURFACE CAR PARK,ELECTRONIC PARKING,WHOLE DAY,NO,YES,0,0.0,N,1.2868982043967885,103.81219180664442
BM14,BLK 34-36 JALAN RUMAH TINGGI,25276.6255,30161.1078,SURFACE CAR PARK,ELECTRONIC PARKING,7AM-10.30PM,NO,NO,0,5.4,N,1.2890407366150325,103.80884793932955
BM19,BLK 88/89 REDHILL CLOSE,26373.3689,29793.0744,SURFACE CAR PARK,ELECTRONIC PARKING,WHOLE DAY,SUN & PH FR 7AM-10.30PM,YES,0,0.0,N,1.285712448025431,103.81870264853342
BM2,BLK 28 HOY FATT ROAD,25399.6152,29918.9512,SURFACE CAR PARK,ELECTRONIC PARKING,WHOLE DAY,NO,YES,0,2.1,N,1.286850767983495,103.8099530722615
BM20,BLK 89/90 REDHILL CLOSE,26379.7745,29741.6402,SURFACE CAR PARK,ELECTRONIC PARKING,WHOLE DAY,SUN & PH FR 7AM-10.30PM,YES,0,0.0,N,1.2852472955170555,103.81876020804626
BM26,BLK 1/3/5 JALAN BUKIT MERAH,25118.4593,29967.6925,SURFACE CAR PARK,ELECTRONIC PARKING,WHOLE DAY,NO,YES,0,4.5,N,1.2872915425842817,103.80742676873209
BM28,"BLK 117, 161 BUKIT MERAH CENTRAL",26052.9053,29603.6488,SURFACE CAR PARK,ELECTRONIC PARKING,7AM-10.30PM,NO,NO,0,9.99,N,1.2839993312075997,103.8158231667102
BM29,BLK 163 BUKIT MERAH CENTRAL,26194.9184,29563.3295,BASEMENT CAR PARK,ELECTRONIC PARKING,WHOLE DAY,NO,YES,1,2.0,Y,1.283634706092511,103.81709921259971
BM3,BLK 49/50 HOY FATT ROAD,25574.8666,30013.7121,SURFACE CAR PARK,ELECTRONIC PARKING,WHOLE DAY,NO,YES,0,4.5,N,1.2877077662690213,103.8115277694692
BM30,BLK 164/165 BUKIT MERAH CENTRAL,26154.2109,29519.0586,SURFACE CAR PARK,ELECTRONIC PARKING,7AM-10.30PM,NO,NO,0,9.99,N,1.2832343332565168,103.81673344232502
BM31,BLK 119 BUKIT MERAH CENTRAL,26136.5799,29432.235,MULTI-STOREY CAR PARK,ELECTRONIC PARKING,WHOLE DAY,SUN & PH FR 7AM-10.30PM,YES,10,1.9,N,1.2824491300655363,103.81657502600716
BM4,BLK 35A JALAN RUMAH TINGGI,25288.5551,30009.2384,MULTI-STOREY CAR PARK,ELECTRONIC PARKING,WHOLE DAY,SUN & PH FR 7AM-10.30PM,YES,0,2.15,N,1.287667284248731,103.80895514474004
BM5,BLKS 8/10 JALAN RUMAH TINGGI,25139.9101,30093.7491,SURFACE CAR PARK,ELECTRONIC PARKING,7AM-7PM,NO,NO,0,4.5,N,1.2884315560634223,103.80761950142217
BM6,BLK 61 LENGKOK BAHRU,25823.7973,30215.5782,SURFACE CAR PARK,ELECTRONIC PARKING,WHOLE DAY,SUN & PH FR 7AM-10.30PM,YES,0,0.0,N,1.2895333905500652,103.81376449901668
BP1,BLK 101/109 BUKIT PURMEI ROAD,27059.7441,28364.7207,SURFACE CAR PARK,ELECTRONIC PARKING,WHOLE DAY,SUN & PH FR 7AM-10.30PM,YES,0,4.5,N,1.2727949460019106,103.82487004638608
BP2,BLK 110/115 BUKIT PURMEI ROAD,27297.2734,28508.1074,SURFACE CAR PARK,ELECTRONIC PARKING,7AM-10.30PM,SUN & PH FR 7AM-10.30PM,NO,0,1.9,N,1.2740916912710756,103.82700432828176
BTM,BLK 2B BOON TIONG ROAD,27996.7913,29911.548,MULTI-STOREY CAR PARK,ELECTRONIC PARKING,WHOLE DAY,SUN & PH FR 7AM-10.30PM,YES,12,2.15,N,1.2867839238665022,103.83328974783582
BTM2,BLK 8C BOON TIONG RD,27590.7177,29931.3587,MULTI-STOREY CAR PARK,ELECTRONIC PARKING,WHOLE DAY,SUN & PH FR 7AM-10.30PM,YES,12,2.15,N,1.2869630821940397,103.82964101237164
BTM3,BLK 11A BOON TIONG ROAD,27485.7966,29859.2793,MULTI-STOREY CAR PARK,ELECTRONIC PARKING,WHOLE DAY,NO,YES,10,2.15,N,1.2863112198549262,103.82869825504956
BVM2,BLK 129A BUKIT MERAH VIEW,26893.4354,29547.635,MULTI-STOREY CAR PARK,ELECTRONIC PARKING,WHOLE DAY,SUN & PH FR 7AM-10.30PM,YES,10,2.15,N,1.283492802887909,103.82337566249672
BWM,BLK 2A JLN BUKIT MERAH,25037.7298,29927.4975,MULTI-STOREY CAR PARK,ELECTRONIC PARKING,WHOLE DAY,NO,YES,7,2.15,N,1.2869280256342523,103.80670138529206
CAM,BLK 88 TANGLIN HALT RD,24092.2494,31574.3039,MULTI-STOREY CAR PARK,ELECTRONIC PARKING,WHOLE DAY,SUN & PH FR 7AM-10.30PM,YES,5,2.15,N,1.3018210574313112,103.79820565809396
CDM,BLK 54 C'WEALTH DR,23934.8536,31553.8887,MULTI-STOREY CAR PARK,ELECTRONIC PARKING,WHOLE DAY,SUN & PH FR 7AM-10.30PM,YES,11,2.15,N,1.301636409362411,103.79679138790388
CLM,BLK 129A CLARENCE LANE,25894.5957,30541.7316,MULTI-STOREY CAR PARK,ELECTRONIC PARKING,WHOLE DAY,SUN & PH FR 7AM-10.30PM,YES,10,2.0,N,1.2924830119920754,103.8144006300462
CM1,BLK 10 CANTONMENT CLOSE,28656.4003,28548.62,MULTI-STOREY CAR PARK,ELECTRONIC PARKING,WHOLE DAY,SUN & PH FR 7AM-10.30PM,YES,12,2.15,N,1.274458074101578,103.83921657284016
CSM,BLK 54 CHIN SWEE ROAD MSCP,28873.2635,29983.8819,MULTI-STOREY CAR PARK,ELECTRONIC PARKING,WHOLE DAY,SUN & PH FR 7AM-10.30PM,YES,10,1.9,N,1.2874380741610156,103.84116520631514
DRM1,BLK 104C DEPOT ROAD,25576.6096,29218.1692,MULTI-STOREY CAR PARK,ELECTRONIC PARKING,WHOLE DAY,SUN & PH FR 7AM-10.30PM,YES,14,2.15,N,1.2805131560457597,103.81154349195454
DRM2,BLK 112C DEPOT ROAD,25165.8976,29305.1091,MULTI-STOREY CAR PARK,ELECTRONIC PARKING,WHOLE DAY,SUN & PH FR 7AM-10.30PM,YES,14,2.15,N,1.2812993757006328,103.80785308038978
DRM3,108A DEPOT ROAD,25390.1316,29254.1321,MULTI-STOREY CAR PARK,ELECTRONIC PARKING,WHOLE DAY,SUN & PH FR 7AM-10.30PM,YES,11,2.15,N,1.2808383769937823,103.80986791310748
DRM4,BLK 105 DEPOT ROAD,25668.1428,29257.6985,MULTI-STOREY CAR PARK,ELECTRONIC PARKING,WHOLE DAY,NO,YES,3,2.15,N,1.2808706520545834,103.81236594973797
DRM5,BLOCK 110 DEPOT ROAD,25346.6693,29308.7018,BASEMENT CAR PARK,ELECTRONIC PARKING,WHOLE DAY,NO,YES,1,2.15,Y,1.2813318825559272,103.8094773831695
DRS,BLK 102A/102B DEPOT ROAD,25737.908,29213.3689,SURFACE CAR PARK,ELECTRONIC PARKING,WHOLE DAY,NO,YES,0,2.15,N,1.2804697558032994,103.8129928199002
DSR1,BLK 31A MARGARET DRIVE,24685.6441,31202.2045,MULTI-STOREY CAR PARK,ELECTRONIC PARKING,WHOLE DAY,NO,YES,16,2.15,N,1.298455990964207,103.80353761899204
DSR2,BLK 37A MARGARET DRIVE,24885.23,31140.1423,MULTI-STOREY CAR PARK,ELECTRONIC PARKING,WHOLE DAY,NO,YES,21,2.15,N,1.297894742961036,103.8053309930005
DUXM,BLK 1 CANTONMENT ROAD,28860.8985,28827.1925,BASEMENT CAR PARK,ELECTRONIC PARKING,7AM-10.30PM,NO,NO,3,2.1,Y,1.2769773813172811,103.84105407043232
DWSO,BLK 40 & 41 MARGARET DRIVE,25064.6593,30982.3473,MULTI-STOREY CAR PARK,ELECTRONIC PARKING,WHOLE DAY,NO,YES,16,2.15,N,1.2964677180872068,103.80694325929534
DWSP,BLK 95A DAWSON ROAD,25620.1022,30938.7202,MULTI-STOREY CAR PARK,ELECTRONIC PARKING,WHOLE DAY,SUN & PH FR 7AM-10.30PM,YES,13,2.15,N,1.2960732173646472,103.81193415972383
DWST,BLK 89A DAWSON ROAD,25626.2862,30840.6986,MULTI-STOREY CAR PARK,ELECTRONIC PARKING,7AM-10.30PM,NO,NO,4,2.15,N,1.295186745018141,103.81198973307656
DWSV,BLK 85 DAWSON ROAD,25362.2059,30853.9755,MULTI-STOREY CAR PARK,ELECTRONIC PARKING,WHOLE DAY,NO,YES,13,2.15,N,1.2953067953956623,103.8096168562628
DWVT,BLK 78A DAWSON ROAD,25420.9278,30734.4029,MULTI-STOREY CAR PARK,ELECTRONIC PARKING,WHOLE DAY,NO,YES,13,2.15,N,1.294225427845649,103.8101445077757
EPM,BLK 6A EVERTON ROAD,28622.0835,28739.5121,MULTI-STOREY CAR PARK,ELECTRONIC PARKING,WHOLE DAY,SUN & PH FR 7AM-10.30PM,YES,9,2.15,N,1.2761844360827428,103.83890822772906
GM1A,BLK 2A GHIM MOH ROAD,22836.9123,32767.7127,MULTI-STOREY CAR PARK,ELECTRONIC PARKING,WHOLE DAY,SUN & PH FR 7AM-10.30PM,YES,2,2.15,N,1.312613638864684,103.7869256858395
GM1M,31A GHIM MOH LINK,22552.3566,32407.3317,MULTI-STOREY CAR PARK,ELECTRONIC PARKING,WHOLE DAY,SUN & PH FR 7AM-10.30PM,YES,7,2.15,N,1.3093544323655109,103.78436887624206
GM2,BLK 7/8/9 GHIM MOH ROAD,22974.2865,32655.7823,SURFACE CAR PARK,ELECTRONIC PARKING,WHOLE DAY,SUN & PH FR 7AM-10.30PM,YES,0,4.5,N,1.311601402882654,103.78816007877948
GM2A,BLK 8A GHIM MOH RD,22874.5952,32575.0244,MULTI-STOREY CAR PARK,ELECTRONIC PARKING,WHOLE DAY,SUN & PH FR 7AM-10.30PM,YES,5,2.15,N,1.3108710407309727,103.7872643171051
GM3,BLK 19/20 GHIM MOH ROAD,23051.41,32606.52,SURFACE CAR PARK,ELECTRONIC PARKING,WHOLE DAY,SUN & PH FR 7AM-10.30PM,YES,0,0.0,N,1.3111559046467354,103.78885307897104
GM5,BLK 21 GHIM MOH ROAD,23013.32,32520.93,SURFACE CAR PARK,ELECTRONIC PARKING,WHOLE DAY,SUN & PH FR 7AM-10.30PM,YES,0,9.99,N,1.3103818529743143,103.7885108355341
GM6A,BLK 13A GHIM MOH RD,23036.915,32422.5932,MULTI-STOREY CAR PARK,ELECTRONIC PARKING,7AM-7PM,SUN & PH FR 7AM-10.30PM,NO,5,2.15,N,1.3094925337172716,103.78872286376205
GM6B,BLK 16A GHIM MOH ROAD,22917.7735,32435.7026,MULTI-STOREY CAR PARK,ELECTRONIC PARKING,WHOLE DAY,SUN & PH FR 7AM-10.30PM,YES,7,2.15,N,1.3096110710678956,103.78765231793032
HCM,BLK 104A HENDERSON CRESCENT,26691.3633,30161.685,MULTI-STOREY CAR PARK,ELECTRONIC PARKING,WHOLE DAY,SUN & PH FR 7AM-10.30PM,YES,11,2.1,N,1.289046047681603,103.82155994001782
HE1,BLK 102/103/104 HENDERSON CRESCENT,26779.8906,30181.1563,SURFACE CAR PARK,ELECTRONIC PARKING,7AM-10.30PM,SUN & PH FR 7AM-10.30PM,NO,0,4.5,N,1.2892221428532318,103.82235539347408
HE12,BLK 78/81 REDHILL LANE,26367.5806,30069.2434,SURFACE CAR PARK,ELECTRONIC PARKING,WHOLE DAY,SUN & PH FR 7AM-10.30PM,YES,0,4.5,N,1.288210023132191,103.8186506240624
HE17,BLK 93/96 HENDERSON RD,26561.0277,29871.6493,SURFACE CAR PARK,ELECTRONIC PARKING,WHOLE DAY,SUN & PH FR 7AM-10.30PM,YES,0,0.0,N,1.2864230609884164,103.82038883426806
HE19,ALEXANDRA RD,26627.3867,30326.9473,SURFACE CAR PARK,ELECTRONIC PARKING,WHOLE DAY,SUN & PH FR 7AM-10.30PM,YES,0,5.4,N,1.2905406191010629,103.8209850767447
HE24,BLK 116 BUKIT MERAH VIEW,26627.4121,29677.5937,SURFACE CAR PARK,ELECTRONIC PARKING,WHOLE DAY,SUN & PH FR 7AM-10.30PM,YES,0,0.0,N,1.2846680932595833,103.82098533323068
HE3,BLK 116/117 BUKIT MERAH VIEW,26708.25,29683.2227,SURFACE CAR PARK,ELECTRONIC PARKING,WHOLE DAY,SUN & PH FR 7AM-10.30PM,YES,0,0.0,N,1.2847190033878992,103.82171169354868
HE4,BLK 121/122 & 127 BUKIT MERAH VIEW,26827.4609,29545.2148,SURFACE CAR PARK,ELECTRONIC PARKING,WHOLE DAY,SUN & PH FR 7AM-10.30PM,YES,0,0.0,N,1.2834709130566513,103.82278285584142
HE9,BLK 118/119 BUKIT MERAH VIEW,26650.6074,29571.3613,SURFACE CAR PARK,ELECTRONIC PARKING,WHOLE DAY,SUN & PH FR 7AM-10.30PM,YES,0,0.0,N,1.2837073657315126,103.82119375672023
HLM,BLK 533A HONG LIM MSCP,29354.6692,29687.508,MULTI-STOREY CAR PARK,ELECTRONIC PARKING,WHOLE DAY,NO,YES,11,1.9,N,1.284757755627369,103.84549081920296
HRM,BLK 96 HENDERSON ROAD,26668.6582,29993.0383,MULTI-STOREY CAR PARK,ELECTRONIC PARKING,WHOLE DAY,SUN & PH FR 7AM-10.30PM,YES,9,2.15,N,1.2875208652204586,103.82135593247594
HVM,BLK 51 HAVELOCK ROAD,27376.7446,30252.7338,MULTI-STOREY CAR PARK,ELECTRONIC PARKING,WHOLE DAY,SUN & PH FR 7AM-10.30PM,YES,10,2.15,N,1.2898694822057029,103.82771837120632
H12,BLK 1/5 DELTA AVE,27342.3203,30487.627,SURFACE CAR PARK,ELECTRONIC PARKING,WHOLE DAY,SUN & PH FR 7AM-10.30PM,YES,0,4.5,N,1.291993773066106,103.82740904968816
H14,BLK 96 HAVELOCK ROAD MSCP,27905.0274,30102.5966,MULTI-STOREY CAR PARK,ELECTRONIC PARKING,WHOLE DAY,SUN & PH FR 7AM-10.30PM,YES,10,1.9,N,1.2885117001814943,103.83246521156904
H17,BLK 28A BEO CRESCENT,27392.1841,30064.5769,MULTI-STOREY CAR PARK,ELECTRONIC PARKING,WHOLE DAY,SUN & PH FR 7AM-10.30PM,YES,5,2.0,N,1.2881678575922195,103.82785710514736
H18,BLK 44A HAVELOCK ROAD,27294.4381,30155.4567,MULTI-STOREY CAR PARK,ELECTRONIC PARKING,WHOLE DAY,SUN & PH FR 7AM-10.30PM,YES,6,2.15,N,1.2889897405337591,103.82697881537632
H3,BLK 87 ZION RD,27910.6083,30378.7005,SURFACE CAR PARK,ELECTRONIC PARKING,WHOLE DAY,NO,YES,0,2.4,N,1.291008686891108,103.83251535744482
H4,BLK 22 HAVELOCK RD,27560.7129,30056.3984,SURFACE CAR PARK,ELECTRONIC PARKING,WHOLE DAY,SUN & PH FR 7AM-10.30PM,YES,0,0.0,N,1.2880938969321107,103.8293714053682
H6,BLK 77/79 GANGES AVENUE,27517.5526,30418.6159,SURFACE CAR PARK,ELECTRONIC PARKING,WHOLE DAY,SUN & PH FR 7AM-10.30PM,YES,0,0.0,N,1.2913696641320296,103.82898358689252
H8,BLKS 4-8 TAMAN HO SWEE,27733.2963,30015.8248,SURFACE CAR PARK,ELECTRONIC PARKING,WHOLE DAY,SUN & PH FR 7AM-10.30PM,YES,0,4.5,N,1.2877269654910437,103.83092213801498
JBM,BLK 134A JALAN BUKIT MERAH,27317.7804,29079.9207,MULTI-STOREY CAR PARK,ELECTRONIC PARKING,WHOLE DAY,SUN & PH FR 7AM-10.30PM,YES,11,1.9,N,1.2792629708630552,103.8271885787701
JBM2,BLK 113A JLN BUKIT MERAH,27105.3295,29188.4439,MULTI-STOREY CAR PARK,ELECTRONIC PARKING,WHOLE DAY,SUN & PH FR 7AM-10.30PM,YES,10,2.15,N,1.2802444113188272,103.82527962420522
JKM,BLK 8A JALAN KUKOH MSCP,28629.3066,29963.8422,MULTI-STOREY CAR PARK,ELECTRONIC PARKING,WHOLE DAY,SUN & PH FR 7AM-10.30PM,YES,3,1.98,N,1.287256847978027,103.83897315415317
JKS,BLK 1 JALAN KUKOH CAR PARK,28703.5642,30064.2195,SURFACE CAR PARK,ELECTRONIC PARKING,WHOLE DAY,SUN & PH FR 7AM-10.30PM,YES,0,0.0,N,1.2881646234590738,103.83964039101396
JMB1,BLK 117A JALAN MEMBINA,27298.7467,29375.368,MULTI-STOREY CAR PARK,ELECTRONIC PARKING,WHOLE DAY,SUN & PH FR 7AM-10.30PM,YES,14,2.15,N,1.2819348922298384,103.82701754725308
JMB2,BLK 18A JALAN MEMBINA,27274.0467,29729.2354,MULTI-STOREY CAR PARK,ELECTRONIC PARKING,WHOLE DAY,SUN & PH FR 7AM-10.30PM,YES,14,2.15,N,1.285135144278673,103.82679560007551
JMB3,BLK 26 JALAN MEMBINA,27140.8217,29448.5025,MULTI-STOREY CAR PARK,ELECTRONIC PARKING,WHOLE DAY,SUN & PH FR 7AM-10.30PM,YES,13,2.15,N,1.282596291075264,103.82559852808112
JRTM,BLK 37A JALAN RUMAH TINGGI,25441.3095,30196.268,MULTI-STOREY CAR PARK,ELECTRONIC PARKING,WHOLE DAY,SUN & PH FR 7AM-10.30PM,YES,12,2.15,N,1.2893587269753013,103.81032768986448
KAM,BLK 335 KRETA AYER MSCP,29110.783,29377.6082,MULTI-STOREY CAR PARK,ELECTRONIC PARKING,WHOLE DAY,NO,YES,2,1.9,N,1.2819551401341338,103.8432993941714
KAS,BLK 333 KRETA AYER CAR PARK,29052.1921,29224.6796,SURFACE CAR PARK,ELECTRONIC PARKING,WHOLE DAY,NO,YES,0,0.0,N,1.280572109524256,103.84277292721804
KTM,BLK 125A KIM TIAN ROAD,27480.5391,29500.8137,MULTI-STOREY CAR PARK,ELECTRONIC PARKING,7AM-10.30PM,SUN & PH FR 7AM-10.30PM,NO,10,1.9,N,1.2830693826703188,103.8286510202002
KTM2,BLK 120B KIM TIAN PLACE,27349.7876,29542.5114,MULTI-STOREY CAR PARK,ELECTRONIC PARKING,WHOLE DAY,SUN & PH FR 7AM-10.30PM,YES,14,2.15,N,1.2834464796052976,103.82747616603862
KTM3,BLK 131A KIM TIAN ROAD,27480.2057,29232.1227,MULTI-STOREY CAR PARK,ELECTRONIC PARKING,WHOLE DAY,SUN & PH FR 7AM-10.30PM,YES,13,2.15,N,1.2806394354926458,103.82864802888754
KTM4,BLK 119A KIM TIAN ROAD,27329.8822,29325.2282,MULTI-STOREY CAR PARK,ELECTRONIC PARKING,WHOLE DAY,SUN & PH FR 7AM-10.30PM,YES,5,2.15,N,1.2814814461425326,103.82729731282126
KTM5,BLK 126 KIM TIAN ROAD,27570.7265,29441.0716,MULTI-STOREY CAR PARK,ELECTRONIC PARKING,WHOLE DAY,NO,YES,10,2.15,N,1.282529097436684,103.82946139003302
LBM,BLK 64 LENGKOK BAHRU,25985.8189,30193.5347,MULTI-STOREY CAR PARK,ELECTRONIC PARKING,WHOLE DAY,SUN & PH FR 7AM-10.30PM,YES,8,2.15,N,1.2893340477316113,103.8152203313835
MLM,BLK 157A MEI LING STREET,24676.3894,30639.2696,MULTI-STOREY CAR PARK,ELECTRONIC PARKING,WHOLE DAY,SUN & PH FR 7AM-10.30PM,YES,11,2.15,N,1.293365005410058,103.80345452106448
MLM1,BLK 161A MEI LING ST,24684.8066,30491.8693,MULTI-STOREY CAR PARK,ELECTRONIC PARKING,WHOLE DAY,SUN & PH FR 7AM-10.30PM,YES,7,2.15,N,1.2920319699769376,103.80353016873038
PDQ5,BLK 57 DAWSON RD,25514.1791,30563.4425,SURFACE/MULTI-STOREY CAR PARK,ELECTRONIC PARKING,WHOLE DAY,NO,YES,3,2.15,N,1.2926793297693575,103.81098242424288
PRM,BLK 33 PARK CRESCENT MSCP,28996.2194,29764.092,MULTI-STOREY CAR PARK,ELECTRONIC PARKING,WHOLE DAY,NO,YES,7,2.15,N,1.285450367820621,103.8422700080622
Q16,BLK 45 AND 50 STIRLING RD,24705.57,31033.88,SURFACE CAR PARK,ELECTRONIC PARKING,WHOLE DAY,SUN & PH FR 7AM-10.30PM,YES,0,0.0,N,1.2969337257257816,103.80371667974568
Q17,BLK 52 STIRLING RD,24717.58,30953.45,SURFACE CAR PARK,ELECTRONIC PARKING,WHOLE DAY,SUN & PH FR 7AM-10.30PM,YES,0,0.0,N,1.296206346460646,103.80382460327944
Q19,BLK 151 MEI LING STREET,24654.5215,30786.998,SURFACE CAR PARK,ELECTRONIC PARKING,7AM-7PM,NO,NO,0,0.0,N,1.2947010066058078,103.8032580129428
Q41,BLK 80 STRATHMORE AVENUE,25318.4336,30747.652,SURFACE CAR PARK,ELECTRONIC PARKING,7AM-10.30PM,NO,NO,0,4.5,N,1.294345239395989,103.80922355228748
Q65,BLK 115A COMMONWEALTH DRIVE,24153.2643,31983.7356,SURFACE CAR PARK,ELECTRONIC PARKING,WHOLE DAY,SUN & PH FR 7AM-10.30PM,YES,0,0.0,N,1.3055238204563318,103.79875385421076
Q66,BLK 117 COMMONWEALTH DRIVE,24236.01,32114.32,SURFACE CAR PARK,ELECTRONIC PARKING,WHOLE DAY,SUN & PH FR 7AM-10.30PM,YES,0,0.0,N,1.3067047897222286,103.79949734726324
Q67,BLK 116-118 COMMONWEALTH CRESCENT,24352.42,32166.07,SURFACE CAR PARK,ELECTRONIC PARKING,WHOLE DAY,SUN & PH FR 7AM-10.30PM,YES,0,0.0,N,1.307172812363228,103.80054334003208
Q68,BLK 110 COMMONWEALTH CRESCENT,24181.18,32133.41,SURFACE CAR PARK,ELECTRONIC PARKING,7AM-7PM,NO,NO,0,0.0,N,1.306877426196092,103.79900467147328
Q70,BLK 99/102 COMMONWEALTH CRESCENT,24353.0804,32185.228,SURFACE CAR PARK,ELECTRONIC PARKING,7AM-7PM,NO,NO,0,0.0,N,1.3073460706115283,103.80054927179204
Q73,BLK 91/92 COMMONWEALTH DRIVE,24335.5387,32064.3962,SURFACE CAR PARK,ELECTRONIC PARKING,7AM-7PM,NO,NO,0,0.0,N,1.306253308506815,103.80039166552686
Q75M,BLK 10A HOLLAND DRIVE,23590.6968,32292.0387,MULTI-STOREY CAR PARK,ELECTRONIC PARKING,WHOLE DAY,SUN & PH FR 7AM-10.30PM,YES,12,2.15,N,1.3083119292817014,103.7936988783443
Q77M,BLK 18 HOLLAND DRIVE,23403.3645,32654.8683,MULTI-STOREY CAR PARK,ELECTRONIC PARKING,WHOLE DAY,NO,YES,12,2.15,N,1.311593204032149,103.79201555445783
Q8,BLK 19/23A/23B QUEENS CLOSE,24244.0036,30732.3137,SURFACE CAR PARK,ELECTRONIC PARKING,WHOLE DAY,NO,YES,0,4.5,N,1.2942064143759078,103.79956933961496
Q80,BLK 45/46/47 HOLLAND DRIVE,23479.7213,32316.8703,SURFACE CAR PARK,ELECTRONIC PARKING,WHOLE DAY,NO,YES,0,9.99,N,1.3085364814091696,103.79270170688476
Q81,BLK 43 HOLLAND DRIVE,23531.2041,32206.3235,SURFACE CAR PARK,ELECTRONIC PARKING,WHOLE DAY,NO,YES,0,9.99,N,1.3075367428678992,103.79316432035692
Q84,BLK 2/4/6/31/32 HOLLAND CLOSE,23921.707,32122.75,SURFACE CAR PARK,ELECTRONIC PARKING,WHOLE DAY,SUN & PH FR 7AM-10.30PM,YES,0,4.5,N,1.3067809877783392,103.79667318529351
Q85,NORTH BUONA VISTA ROAD,23406.71,32283.49,SURFACE CAR PARK,ELECTRONIC PARKING,WHOLE DAY,SUN & PH FR 7AM-10.30PM,YES,0,0.0,N,1.3082345910446522,103.79204567038272
Q86,BLK 148A MEI LING STREET,24722.8381,30771.7904,MULTI-STOREY CAR PARK,ELECTRONIC PARKING,WHOLE DAY,SUN & PH FR 7AM-10.30PM,YES,10,1.8,N,1.294563481689422,103.80387186857251
Q87,BLK 5A HOLLAND CLOSE,23873.3239,32354.7312,MULTI-STOREY CAR PARK,ELECTRONIC PARKING,WHOLE DAY,SUN & PH FR 7AM-10.30PM,YES,11,2.0,N,1.3088789371038343,103.79623840948706
Q88,BLK 19A QUEEN'S CLOSE,24354.2159,30597.8694,MULTI-STOREY CAR PARK,ELECTRONIC PARKING,WHOLE DAY,SUN & PH FR 7AM-10.30PM,YES,10,2.0,N,1.2929905606576118,103.80055965992068
Q89,BLK 7B COMMONWEALTH AVENUE,23741.0378,32063.6114,MULTI-STOREY CAR PARK,ELECTRONIC PARKING,WHOLE DAY,SUN & PH FR 7AM-10.30PM,YES,11,2.0,N,1.3062461348732002,103.79504979530898
Q94,BLK 102 COMMONWEALTH CRESCENT,24354.3978,32217.4868,SURFACE CAR PARK,ELECTRONIC PARKING,7AM-7PM,NO,NO,0,0.0,N,1.3076378079345643,103.80056110547326
Q96,BLK 181-184 STIRLING ROAD,24782.1998,30858.4456,SURFACE CAR PARK,ELECTRONIC PARKING,WHOLE DAY,NO,YES,0,4.5,N,1.2953471669289196,103.80440525007532
RHM,BLK 88A REDHILL CLOSE,26359.4531,29876.1692,MULTI-STOREY CAR PARK,ELECTRONIC PARKING,WHOLE DAY,SUN & PH FR 7AM-10.30PM,YES,10,1.9,N,1.2864639274829983,103.81857760519374
RHM2,BLK 70A REDHILL CLOSE,26173.5652,29936.3581,MULTI-STOREY CAR PARK,ELECTRONIC PARKING,WHOLE DAY,SUN & PH FR 7AM-10.30PM,YES,12,2.15,N,1.287008244474117,103.8169073241666
RHM3,BLK 73 REDHILL RD,26214.2901,30036.7081,MULTI-STOREY CAR PARK,ELECTRONIC PARKING,WHOLE DAY,SUN & PH FR 7AM-10.30PM,YES,17,2.15,N,1.28791577695299,103.81727324817024
RHM4,BLK 74 REDHILL RD,26052.2467,30044.7806,MULTI-STOREY CAR PARK,ELECTRONIC PARKING,WHOLE DAY,SUN & PH FR 7AM-10.30PM,YES,12,2.15,N,1.287988772154001,103.81581722173432
RHS,BLK 75A/B REDHILL ROAD,26029.8967,30077.9357,SURFACE CAR PARK,ELECTRONIC PARKING,WHOLE DAY,NO,YES,0,4.5,N,1.2882886138255216,103.81561639580708
SAM,BLK 60A STRATHMORE AVENUE,25613.7877,30550.6392,MULTI-STOREY CAR PARK,ELECTRONIC PARKING,WHOLE DAY,SUN & PH FR 7AM-10.30PM,YES,12,2.15,N,1.2925635490008838,103.81187745068674
SAM2,BLK 61 STRATHMORE AVENUE,25516.9485,30705.7785,MULTI-STOREY CAR PARK,ELECTRONIC PARKING,WHOLE DAY,NO,YES,12,2.15,N,1.2939665666451006,103.81100729722672
SLS,BLK 4 SAGO LANE CAR PARK,29074.9041,29346.72,SURFACE CAR PARK,ELECTRONIC PARKING,WHOLE DAY,NO,YES,0,4.5,N,1.2816757993312728,103.8429770073371
SMM,BLK 53A STRATHMORE AVENUE,25135.7671,30634.5571,MULTI-STOREY CAR PARK,ELECTRONIC PARKING,WHOLE DAY,SUN & PH FR 7AM-10.30PM,YES,14,2.15,N,1.2933224327438215,103.80758222567304
SPM,BLK 108 SPOTTISWOODE PARK MSCP,28257.4232,28489.7651,MULTI-STOREY CAR PARK,ELECTRONIC PARKING,WHOLE DAY,SUN & PH FR 7AM-10.30PM,YES,5,1.9,N,1.273925816723386,103.83563161921126
SPS,BLK 101/102 SPOTTISWOODE PARK CAR PARK,28317.6841,28619.0984,SURFACE CAR PARK,ELECTRONIC PARKING,WHOLE DAY,SUN & PH FR 7AM-10.30PM,YES,0,3.5,N,1.275095461256851,103.83617308630518
STAM,BLK 56A STRATHMORE AVENUE,25398.1488,30582.3365,MULTI-STOREY CAR PARK,ELECTRONIC PARKING,WHOLE DAY,SUN & PH FR 7AM-10.30PM,YES,12,2.15,N,1.2928501910006598,103.80993984128207
STM1,BLK 169A STIRLING ROAD,24647.2485,30296.4074,MULTI-STOREY CAR PARK,ELECTRONIC PARKING,WHOLE DAY,SUN & PH FR 7AM-10.30PM,YES,2,2.0,N,1.2902642774663695,103.80319271421516
STM2,BLK 171A STIRLING ROAD,24703.9688,30248.287,MULTI-STOREY CAR PARK,ELECTRONIC PARKING,WHOLE DAY,SUN & PH FR 7AM-10.30PM,YES,6,2.15,N,1.2898290995549102,103.80370237466218
STM3,BLK 168-171 STIRLING ROAD,24662.1367,30248.061,SURFACE CAR PARK,ELECTRONIC PARKING,WHOLE DAY,SUN & PH FR 7AM-10.30PM,YES,0,4.5,N,1.2898270512586207,103.80332649598692
TBCM,BLK 16A TELOK BLANGAH CRESCENT,26642.874,28889.9336,MULTI-STOREY CAR PARK,ELECTRONIC PARKING,WHOLE DAY,SUN & PH FR 7AM-10.30PM,YES,12,2.15,N,1.2775447723221818,103.8211242982438
TBC2,BLK 23A TELOK BLANGAH CRESCENT,26594.4985,28690.7096,MULTI-STOREY CAR PARK,ELECTRONIC PARKING,WHOLE DAY,SUN & PH FR 7AM-10.30PM,YES,3,2.15,N,1.275743058184633,103.8206896352191
TBC3,BLK 3A TELOK BLANGAH CRESCENT,26248.2192,29055.7391,MULTI-STOREY CAR PARK,ELECTRONIC PARKING,WHOLE DAY,SUN & PH FR 7AM-10.30PM,YES,8,2.15,N,1.279044239685716,103.81757816924242
TBM,BLK 48A TELOK BLANGAH DRIVE,25479.2441,28253.7507,MULTI-STOREY CAR PARK,ELECTRONIC PARKING,WHOLE DAY,SUN & PH FR 7AM-10.30PM,YES,12,1.8,N,1.271791285995216,103.81066870217605
TBMT,BLK 80 TELOK BLANGAH ST 31,25059.9661,28475.4537,MULTI-STOREY CAR PARK,ELECTRONIC PARKING,7AM-10.30PM,NO,NO,5,2.15,N,1.273796254050209,103.80690132190574
TBM2,BLK 73A TELOK BLANGAH STREET 32,25318.3879,28642.2103,MULTI-STOREY CAR PARK,ELECTRONIC PARKING,WHOLE DAY,SUN & PH FR 7AM-10.30PM,YES,4,2.15,N,1.2753043651293552,103.80922332015484
TBM3,BLK 78A TELOK BLANGAH STREET 32,25290.5101,28428.7979,MULTI-STOREY CAR PARK,ELECTRONIC PARKING,WHOLE DAY,SUN & PH FR 7AM-10.30PM,YES,14,2.15,N,1.2733743359112908,103.8089728461382
TBM4,BLK 88A TELOK BLANGAH HEIGHTS,25156.3228,28862.5317,MULTI-STOREY CAR PARK,ELECTRONIC PARKING,WHOLE DAY,SUN & PH FR 7AM-10.30PM,YES,12,2.15,N,1.2772968603550967,103.807767086756
TBM5,BLK 57A TELOK BLANGAH HEIGHTS,25599.7585,28608.3876,MULTI-STOREY CAR PARK,ELECTRONIC PARKING,WHOLE DAY,SUN & PH FR 7AM-10.30PM,YES,12,2.15,N,1.2749985070792598,103.81175153966544
TBM6,BLK 52A TELOK BLANGAH DR,25528.5116,28424.2252,MULTI-STOREY CAR PARK,ELECTRONIC PARKING,WHOLE DAY,SUN & PH FR 7AM-10.30PM,YES,12,2.15,N,1.2733330014606468,103.81111137475288
TBM7,BLK 70 TELOK BLANGAH HEIGHTS,25497.8422,28748.5546,MULTI-STOREY CAR PARK,ELECTRONIC PARKING,WHOLE DAY,SUN & PH FR 7AM-10.30PM,YES,7,2.15,N,1.276266120348283,103.81083577381352
TBM8,BLK 90 TELOK BLANGAH STREET 31,25102.2101,28852.5891,MULTI-STOREY CAR PARK,ELECTRONIC PARKING,WHOLE DAY,NO,YES,11,2.15,N,1.277206938059504,103.80728086504854
TB1,BLK 1/2/3/4/6 TELOK BLANGAH CRES,26359.0527,28989.3284,SURFACE CAR PARK,ELECTRONIC PARKING,7AM-10.30PM,NO,NO,0,4.5,N,1.2784436505669503,103.81857405338054
TB10,BLK 38/40 TELOK BLANGAH RISE,26874.703,28321.7568,SURFACE CAR PARK,ELECTRONIC PARKING,WHOLE DAY,SUN & PH FR 7AM-10.30PM,YES,0,5.4,N,1.2724063895047213,103.82320738795563
TB11,BLK 42/43 TELOK BLANGAH RISE,26911.2155,28123.4116,SURFACE CAR PARK,ELECTRONIC PARKING,WHOLE DAY,SUN & PH FR 7AM-10.30PM,YES,0,3.8,N,1.2706126262273665,103.82353547243774
TB14,BLK 113/114 DEPOT ROAD,25109.3906,29363.2539,SURFACE CAR PARK,ELECTRONIC PARKING,WHOLE DAY,SUN & PH FR 7AM-10.30PM,YES,0,4.5,N,1.2818252116961104,103.80734533801916
TB17,BLK 50/71 TELOK BLANGAH DRIVE,25740.9065,28588.0794,SURFACE CAR PARK,ELECTRONIC PARKING,WHOLE DAY,SUN & PH FR 7AM-10.30PM,YES,0,4.5,N,1.2748148572261435,103.8130198069804
TB18,BLK 72/74/84 TELOK BLANGAH DRIVE,25383.8683,28775.7738,SURFACE CAR PARK,ELECTRONIC PARKING,WHOLE DAY,NO,YES,0,4.5,N,1.276512272017851,103.80981167434
TB19,BLK 75/76 TELOK BLANGAH DRIVE,25261.3047,28571.479,SURFACE CAR PARK,ELECTRONIC PARKING,WHOLE DAY,SUN & PH FR 7AM-10.30PM,YES,0,4.5,N,1.2746646911948118,103.80871041296768
TB2,BLK 8-10 TELOK BLANGAH CRES,26444.6627,28896.6707,SURFACE CAR PARK,ELECTRONIC PARKING,7AM-10.30PM,NO,NO,0,0.0,N,1.277605691154844,103.81934329580682
TB22,BLK 79/80/81 TELOK BLANGAH DRIVE,25135.612,28488.1817,SURFACE CAR PARK,ELECTRONIC PARKING,7AM-10.30PM,SUN & PH FR 7AM-10.30PM,NO,0,0.0,N,1.2739113685398986,103.80758102621792
TB23,DEPOT ROAD LORRY PARK,25985.6543,29309.834,SURFACE CAR PARK,ELECTRONIC PARKING,7AM-10.30PM,SUN & PH FR 7AM-10.30PM,NO,0,0.0,N,1.2813421691042248,103.815218908697
TB28,BLK 45 TELOK BLANGAH DRIVE,25306.0,28279.5996,SURFACE CAR PARK,ELECTRONIC PARKING,7AM-10.30PM,NO,NO,0,0.0,N,1.2720250401511508,103.80911204099418
TB3,BLK 12/22 TELOK BLANGAH CRES,26458.5039,28811.9141,SURFACE CAR PARK,ELECTRONIC PARKING,WHOLE DAY,NO,YES,0,0.0,N,1.2768391828598682,103.8194676682373
TB6,BLK 27/33 TELOK BLANGAH WAY,26757.168,28492.5299,SURFACE CAR PARK,ELECTRONIC PARKING,WHOLE DAY,SUN & PH FR 7AM-10.30PM,YES,0,4.5,N,1.2739507972210276,103.8221512877815
TB7,BLK 29/32 TELOK BLANGAH RISE,26673.4648,28437.3189,SURFACE CAR PARK,ELECTRONIC PARKING,WHOLE DAY,SUN & PH FR 7AM-10.30PM,YES,0,3.8,N,1.273451484882297,103.82139918679457
TB8,BLK 30/31 TELOK BLANGAH RISE,26601.755,28348.037,SURFACE CAR PARK,ELECTRONIC PARKING,WHOLE DAY,SUN & PH FR 7AM-10.30PM,YES,0,3.8,N,1.2726440475687408,103.82075485255132
TB9,BLK 32/35 TELOK BLANGAH RISE,26766.3105,28419.3515,SURFACE CAR PARK,ELECTRONIC PARKING,WHOLE DAY,SUN & PH FR 7AM-10.30PM,YES,0,5.4,N,1.2732889977607431,103.82223343925573
TE1,BLK 115-117 JALAN BUKIT MERAH,27236.0312,29306.6816,SURFACE CAR PARK,ELECTRONIC PARKING,WHOLE DAY,SUN & PH FR 7AM-10.30PM,YES,0,0.0,N,1.2813137150572245,103.82645402589353
TE13,BLK 78/80 MOH GUAN TERRACE/CHAY YAN STREET,27694.6129,29518.2043,SURFACE CAR PARK,ELECTRONIC PARKING,WHOLE DAY,SUN & PH FR 7AM-10.30PM,YES,0,9.99,N,1.2832266599714872,103.83057455675385
TE14,BLK 140/142 JALAN BUKIT MERAH,27503.2019,28827.5456,SURFACE CAR PARK,ELECTRONIC PARKING,7AM-10.30PM,SUN & PH FR 7AM-10.30PM,NO,0,4.5,N,1.2769805823717462,103.82885466487492
TE25,BLK 17/31/141/150 KAMPONG BAHRU ROAD,27718.3359,28870.7891,SURFACE CAR PARK,ELECTRONIC PARKING,7AM-10.30PM,SUN & PH FR 7AM-10.30PM,NO,0,4.5,N,1.2773716640930204,103.83078772296446
TE3,BLK 108/110/112 JALAN BUKIT MERAH,27201.2559,29132.8223,SURFACE CAR PARK,ELECTRONIC PARKING,7AM-10.30PM,SUN & PH FR 7AM-10.30PM,NO,0,4.5,N,1.2797413916490006,103.82614156083449
TE4,BLK 132-138 JALAN BUKIT MERAH,27390.6755,28981.1406,SURFACE CAR PARK,ELECTRONIC PARKING,7AM-10.30PM,SUN & PH FR 7AM-10.30PM,NO,0,0.0,N,1.2783696397557127,103.8278435706498
TPM,BLK 1/6 TANJONG PAGAR MSCP,28999.272,28661.7751,MULTI-STOREY CAR PARK,ELECTRONIC PARKING,WHOLE DAY,SUN & PH FR 7AM-10.30PM,YES,7,1.8,N,1.275481400251716,103.8422974022622
YHS,BLK 11/12/13 YORK HILL CAR PARK,28508.3965,29880.2227,SURFACE CAR PARK,ELECTRONIC PARKING,WHOLE DAY,SUN & PH FR 7AM-10.30PM,YES,0,0.0,N,1.2865006247607809,103.83788672656206
